Word,Counts
algorithm,277
algorithms,177
analysis,93
applications,56
approach,149
art,64
based,148
bayesian,83
case,65
class,61
classification,64
complexity,56
computational,53
consider,58
convex,60
data,292
demonstrate,82
develop,54
different,61
dimensional,73
distribution,83
distributions,70
efficient,89
error,56
estimation,63
experiments,59
features,69
framework,72
function,103
functions,75
gaussian,67
general,51
given,51
gradient,69
graph,54
high,66
inference,97
information,81
large,109
latent,71
learning,284
linear,92
loss,54
low,71
matrix,88
method,149
methods,132
model,276
models,198
network,80
networks,78
neural,76
new,93
non,89
novel,75
number,126
online,57
optimal,82
optimization,92
order,52
paper,128
parameters,54
performance,106
policy,56
present,88
problem,215
problems,110
process,61
propose,125
proposed,75
provide,82
random,59
rank,60
rate,53
real,73
regression,57
regret,51
results,140
sample,62
sampling,60
scale,51
set,68
setting,54
simple,52
space,67
sparse,58
state,109
stochastic,86
structure,80
study,50
task,63
tasks,66
theoretical,52
time,132
training,67
use,62
used,74
using,145
variables,67
work,57
